titulo,precio,rating
Sharp Objects,Â£47.82,Four
Sapiens: A Brief History of Humankind,Â£54.23,Five
The Dirty Little Secrets of Getting Your Dream Job,Â£33.34,Four
The Boys in the Boat: Nine Americans and Their Epic Quest for Gold at the 1936 Berlin Olympics,Â£22.60,Four
Shakespeare's Sonnets,Â£20.66,Four
Set Me Free,Â£17.46,Five
Scott Pilgrim's Precious Little Life (Scott Pilgrim #1),Â£52.29,Five
Rip it Up and Start Again,Â£35.02,Five
Chase Me (Paris Nights #2),Â£25.27,Five
Black Dust,Â£34.53,Five
Worlds Elsewhere: Journeys Around Shakespeareâs Globe,Â£40.30,Five
Wall and Piece,Â£44.18,Four
The Four Agreements: A Practical Guide to Personal Freedom,Â£17.66,Five
The Elephant Tree,Â£23.82,Five
Sophie's World,Â£15.94,Five
Behind Closed Doors,Â£52.22,Four
Private Paris (Private #10),Â£47.61,Five
#HigherSelfie: Wake Up Your Life. Free Your Soul. Find Your Tribe.,Â£23.11,Five
"We Love You, Charlie Freeman",Â£50.27,Five
Untitled Collection: Sabbath Poems 2014,Â£14.27,Four
"Unseen City: The Majesty of Pigeons, the Discreet Charm of Snails & Other Wonders of the Urban Wilderness",Â£44.18,Four
This One Summer,Â£19.49,Four
Thirst,Â£17.27,Five
The Past Never Ends,Â£56.50,Four
